,lat,lon
0,"-20°05'43.890""","-44°09'44.560"""
1,"-18°51'54.800""","-43°24'29.200"""
2,"-05°49'26.300""","-50°29'29.100"""
3,"-20°07'47.530""","-44°06'09.230"""
4,"-23°21'20.600""","-46°16'58.500"""
5,"-16°17'26.700""","-56°42'43.100"""
6,"-09°52'32.341""","-39°51'54.787"""
7,"-10°18'56.000""","-39°45'57.000"""
8,"-25°22'13.821""","-49°41'27.099"""
9,"-09°52'29.629""","-39°51'53.877"""
10,"-09°51'39.164""","-39°52'49.306"""
11,"-16°06'39.080""","-56°34'26.280"""
12,"-16°15'02.200""","-56°35'56.900"""
13,"-15°54'09.690""","-56°12'26.470"""
14,"-20°06'56.500""","-44°13'06.100"""
15,"-24°44'52.790""","-49°11'40.930"""
16,"-19°15'44.400""","-57°31'40.000"""
17,"-01°40'17.600""","-56°26'03.100"""
18,"-06°35'24.000""","-51°05'24.000"""
19,"-15°39'42.790""","-56°20'38.590"""
20,"-05°49'02.136""","-50°34'01.808"""
21,"-00°44'00.100""","-60°08'18.200"""
22,"-15°39'16.700""","-56°23'19.550"""
23,"-11°09'42.850""","-61°36'50.800"""
24,"-15°14'53.357""","-59°17'34.245"""
25,"-17°58'21.600""","-46°48'52.200"""
26,"-17°58'07.170""","-43°10'11.080"""
27,"-09°52'39.158""","-39°52'04.348"""
28,"-19°15'43.500""","-57°31'40.500"""
29,"-20°08'00.950""","-44°22'46.450"""
30,"-09°52'30.737""","-39°52'08.101"""
31,"-19°46'59.200""","-43°10'59.200"""
32,"-21°03'43.757""","-42°33'49.546"""
33,"-14°50'22.300""","-59°39'27.300"""
34,"-19°15'39.500""","-57°31'43.600"""
35,"-06°24'28.900""","-50°02'39.000"""
36,"-23°24'16.000""","-46°11'54.500"""
37,"-20°16'13.852""","-43°29'46.447"""
38,"-20°54'12.200""","-43°48'14.000"""
39,"-21°18'29.660""","-44°39'39.180"""
40,"-06°21'56.170""","-56°15'59.710"""
41,"-00°47'08.600""","-60°08'30.900"""
42,"-05°30'34.700""","-50°14'03.180"""
43,"-06°06'45.823""","-50°18'30.921"""
44,"-11°15'36.800""","-39°21'27.250"""
45,"-14°15'12.930""","-49°25'33.580"""
46,"-28°28'53.410""","-49°27'07.510"""
47,"-20°02'21.600""","-43°55'44.900"""
48,"-20°14'09.149""","-43°25'22.771"""
49,"-09°51'12.571""","-39°51'49.114"""
50,"-23°21'23.900""","-46°17'05.800"""
51,"-16°12'57.000""","-56°36'15.500"""
52,"-19°11'31.331""","-57°36'52.526"""
53,"-14°11'47.547""","-39°41'29.939"""
54,"-01°34'58.000""","-48°44'49.400"""
55,"-20°22'46.090""","-43°55'00.420"""
56,"-20°16'07.500""","-43°53'35.800"""
57,"-18°08'19.663""","-47°46'55.691"""
58,"-14°32'13.600""","-59°46'12.880"""
59,"-16°15'18.000""","-56°36'55.000"""
60,"-20°25'55.900""","-43°50'58.400"""
61,"-15°07'56.012""","-59°22'26.178"""
62,"-15°32'02.460""","-56°03'02.290"""
63,"-23°39'32.700""","-48°00'20.400"""
64,"-19°59'08.000""","-44°07'17.300"""
65,"-11°26'53.000""","-39°05'53.000"""
66,"-19°15'44.700""","-57°31'42.300"""
67,"-20°07'11.300""","-44°18'26.900"""
68,"-19°13'28.008""","-57°33'35.925"""
69,"-17°29'46.800""","-46°49'07.800"""
70,"-23°23'38.400""","-46°12'35.100"""
71,"-09°52'36.688""","-39°52'05.408"""
72,"-09°51'09.377""","-39°51'57.949"""
73,"-19°38'44.132""","-43°14'32.010"""
74,"-19°38'59.000""","-46°56'46.000"""
75,"-17°09'26.247""","-46°45'28.458"""
76,"-09°45'57.100""","-63°34'06.900"""
77,"-19°57'49.103""","-43°14'16.323"""
78,"-13°41'23.770""","-40°41'29.300"""
79,"-23°37'08.900""","-47°49'12.900"""
80,"-16°01'37.490""","-56°31'29.280"""
81,"-21°25'49.220""","-47°36'47.000"""
82,"-15°51'48.376""","-56°13'29.773"""
83,"-01°34'14.200""","-48°45'25.300"""
84,"-20°09'44.900""","-44°26'50.600"""
85,"-19°57'49.000""","-43°50'20.000"""
86,"-01°40'24.500""","-56°27'10.100"""
87,"-06°28'41.600""","-50°19'16.900"""
88,"-15°07'53.367""","-59°22'24.724"""
89,"-20°07'12.800""","-44°22'18.400"""
90,"-06°14'41.875""","-49°44'40.790"""
91,"-01°41'05.300""","-56°25'37.400"""
92,"-19°24'38.280""","-47°57'18.520"""
93,"00°24'25.540""","-51°44'15.120"""
94,"-06°24'41.461""","-50°01'59.710"""
95,"-20°22'38.190""","-43°54'52.910"""
96,"-02°30'18.000""","-56°10'32.800"""
97,"-20°14'59.720""","-43°56'07.650"""
98,"-20°26'02.500""","-43°52'56.400"""
99,"-06°26'01.900""","-50°02'54.100"""
100,"-09°46'14.500""","-62°44'26.300"""
101,"-09°52'36.998""","-39°52'12.550"""
102,"-06°29'06.900""","-51°04'39.100"""
103,"-14°38'25.076""","-52°30'03.686"""
104,"-00°47'22.800""","-60°08'39.400"""
105,"-20°07'49.000""","-44°25'21.000"""
106,"-19°52'43.139""","-43°22'41.690"""
107,"-21°04'21.600""","-44°35'18.540"""
108,"-05°59'41.256""","-50°06'34.134"""
109,"-15°46'29.100""","-56°17'08.600"""
110,"-19°52'29.203""","-43°22'47.022"""
111,"-15°41'47.500""","-56°20'02.100"""
112,"-01°34'58.000""","-48°44'49.400"""
113,"-20°12'38.870""","-43°27'37.490"""
114,"-20°06'36.060""","-43°54'11.690"""
115,"-20°07'17.000""","-44°22'16.400"""
116,"-19°34'57.350""","-44°24'35.750"""
117,"-16°18'45.010""","-56°39'08.230"""
118,"-13°41'14.100""","-40°41'20.900"""
119,"-23°24'43.000""","-46°12'42.800"""
120,"-20°03'40.100""","-43°57'40.800"""
121,"-20°30'21.000""","-43°53'00.000"""
122,"-10°39'28.200""","-37°01'47.400"""
123,"-14°32'41.040""","-59°46'31.110"""
124,"-16°13'57.370""","-56°36'25.111"""
125,"-15°08'07.570""","-59°22'37.050"""
126,"-20°09'42.900""","-44°27'22.500"""
127,"-21°18'31.440""","-44°39'43.340"""
128,"-15°55'25.845""","-56°09'48.833"""
129,"-28°28'59.020""","-49°27'04.040"""
130,"-09°31'24.000""","-62°54'21.200"""
131,"-09°52'25.841""","-39°52'15.247"""
132,"00°51'80.200""","-51°53'45.350"""
133,"-19°34'13.730""","-43°13'53.604"""
134,"-19°40'24.340""","-46°58'19.196"""
135,"-01°18'04.800""","-45°45'40.700"""
136,"-18°09'03.027""","-47°46'55.116"""
137,"-19°50'18.600""","-46°49'58.000"""
138,"-16°10'59.700""","-56°25'06.900"""
139,"-15°38'52.670""","-56°22'52.820"""
140,"-01°28'18.900""","-56°23'08.700"""
141,"-20°24'42.200""","-43°51'55.000"""
142,"-12°53'50.800""","-60°25'21.300"""
143,"-19°15'41.600""","-57°31'42.800"""
144,"-03°15'54.986""","-47°45'11.400"""
145,"-19°12'19.900""","-57°38'07.100"""
146,"-20°14'28.600""","-43°24'39.193"""
147,"-14°14'01.600""","-41°43'10.900"""
148,"-23°37'53.600""","-47°37'18.500"""
149,"-20°25'33.000""","-43°53'30.400"""
150,"-23°21'21.300""","-47°43'42.400"""
151,"-23°23'08.800""","-46°11'39.200"""
152,"-16°14'47.150""","-56°35'15.890"""
153,"-23°23'35.060""","-46°46'30.100"""
154,"-20°13'29.700""","-43°52'23.600"""
155,"-20°23'41.500""","-43°50'22.800"""
156,"-01°40'29.700""","-56°27'39.300"""
157,"-19°58'25.000""","-43°49'46.000"""
158,"-09°52'31.400""","-39°52'09.937"""
159,"-09°51'15.285""","-39°51'59.529"""
160,"02°19'16.300""","-51°41'26.100"""
161,"-18°53'23.000""","-43°24'19.000"""
162,"-28°28'56.790""","-49°27'04.780"""
163,"-20°27'08.000""","-43°53'59.000"""
164,"-06°03'24.673""","-50°08'37.608"""
165,"-20°01'38.910""","-43°25'26.900"""
166,"-09°51'19.659""","-39°52'02.121"""
167,"-03°15'34.180""","-47°45'29.400"""
168,"-11°27'48.021""","-58°56'18.673"""
169,"-20°07'50.650""","-44°25'36.130"""
170,"-19°38'51.300""","-43°16'26.900"""
171,"-11°09'30.250""","-61°36'42.030"""
172,"-16°04'08.260""","-56°33'54.370"""
173,"-19°15'45.700""","-57°31'37.400"""
174,"-19°40'27.200""","-43°14'11.100"""
175,"-16°14'52.070""","-56°35'44.880"""
176,"-05°58'45.400""","-50°08'29.100"""
177,"-09°52'43.946""","-39°52'07.752"""
178,"-20°26'16.300""","-45°08'54.300"""
179,"-18°55'68.000""","-43°24'04.290"""
180,"-01°40'35.400""","-56°26'16.800"""
181,"-14°14'25.740""","-49°21'54.040"""
182,"-14°38'21.098""","-52°30'04.795"""
183,"-09°52'51.023""","-39°52'23.458"""
184,"00°52'32.430""","-51°53'13.410"""
185,"-23°39'05.500""","-47°59'32.500"""
186,"-10°45'37.774""","-48°04'50.612"""
187,"-06°19'30.340""","-55°47'10.880"""
188,"-19°47'05.900""","-43°10'48.600"""
189,"-19°15'41.600""","-57°31'42.800"""
190,"-20°09'35.400""","-44°26'59.800"""
191,"-19°36'33.516""","-43°15'48.177"""
192,"-19°53'31.600""","-43°17'05.000"""
193,"-12°57'09.130""","-60°24'29.700"""
194,"-09°51'25.092""","-39°51'56.548"""
195,"-20°07'06.227""","-43°24'52.458"""
196,"-14°48'36.600""","-49°32'26.400"""
197,"-24°44'54.630""","-49°11'16.070"""
198,"-23°21'24.500""","-46°16'31.200"""
199,"-19°55'56.851""","-43°12'33.168"""
200,"-19°57'33.180""","-43°14'20.000"""
201,"-06°21'39.010""","-56°16'01.590"""
202,"-19°51'56.815""","-43°43'39.215"""
203,"-01°40'58.200""","-56°26'40.400"""
204,"-21°18'29.650""","-44°39'42.590"""
205,"-19°50'14.100""","-46°50'14.500"""
206,"-14°12'21.000""","-49°24'22.200"""
207,"-10°18'51.000""","-39°46'02.000"""
208,"-17°57'54.000""","-46°50'39.000"""
209,"-19°34'56.800""","-44°24'41.100"""
210,"-02°29'13.000""","-56°10'23.000"""
211,"-20°10'15.254""","-43°29'53.120"""
212,"-15°07'57.866""","-59°22'24.004"""
213,"-16°17'32.640""","-56°39'02.720"""
214,"-10°30'18.000""","-63°37'14.100"""
215,"-20°25'52.800""","-43°52'58.300"""
216,"-16°15'29.760""","-56°35'47.180"""
217,"-11°08'07.500""","-62°26'15.100"""
218,"-20°29'07.000""","-43°57'18.000"""
219,"-06°24'09.341""","-50°04'31.472"""
220,"-20°08'19.363""","-44°24'02.991"""
221,"-23°23'50.400""","-46°11'41.600"""
222,"-00°44'16.900""","-60°04'44.100"""
223,"-15°53'44.100""","-56°11'07.400"""
224,"-20°11'50.075""","-43°52'44.829"""
225,"-22°09'25.047""","-47°38'34.049"""
226,"-19°49'23.900""","-46°52'05.900"""
227,"-14°05'52.550""","-41°41'21.140"""
228,"-16°11'03.320""","-56°26'06.040"""
229,"-19°39'00.734""","-46°57'08.359"""
230,"-21°57'06.006""","-47°36'47.022"""
231,"-14°51'08.697""","-59°39'16.087"""
232,"-20°29'06.000""","-43°56'00.000"""
233,"-20°16'58.800""","-43°55'38.200"""
234,"-09°52'41.710""","-39°52'20.319"""
235,"-19°33'18.339""","-43°09'39.105"""
236,"-00°53'39.000""","-52°21'52.250"""
237,"-19°59'04.800""","-43°28'16.800"""
238,"-05°49'57.400""","-50°32'28.000"""
239,"-17°58'06.460""","-43°10'11.200"""
240,"-09°52'48.573""","-39°51'51.266"""
241,"-09°40'20.100""","-36°46'23.700"""
242,"-09°51'11.362""","-39°52'00.047"""
243,"-18°09'45.000""","-47°50'43.500"""
244,"-03°15'53.440""","-47°43'16.200"""
245,"-16°12'51.900""","-56°36'21.400"""
246,"-10°41'16.700""","-54°49'40.500"""
247,"-23°11'34.600""","-48°21'45.000"""
248,"-19°24'37.100""","-47°57'20.460"""
249,"-11°18'43.000""","-41°50'22.000"""
250,"-20°16'32.800""","-43°53'53.600"""
251,"-20°07'53.460""","-44°22'30.040"""
252,"-16°05'54.110""","-56°34'06.880"""
253,"-11°27'48.021""","-58°56'18.673"""
254,"-20°09'33.507""","-43°28'09.519"""
255,"-09°47'16.100""","-63°34'30.600"""
256,"-19°56'04.000""","-44°28'15.000"""
257,"-14°11'20.792""","-39°41'49.707"""
258,"-20°12'40.649""","-43°52'54.287"""
259,"-01°40'11.000""","-56°26'24.300"""
260,"-15°27'59.450""","-56°27'39.225"""
261,"-21°49'52.000""","-41°01'14.000"""
262,"-20°25'31.000""","-43°55'40.300"""
263,"-06°34'49.700""","-51°04'37.500"""
264,"-18°55'14.984""","-43°24'23.663"""
265,"-09°27'51.000""","-63°04'28.000"""
266,"-20°10'28.800""","-43°58'33.600"""
267,"-09°52'52.640""","-39°52'01.811"""
268,"-05°12'32.100""","-41°42'27.600"""
269,"-19°46'37.840""","-43°11'21.930"""
270,"-17°10'56.400""","-46°53'55.800"""
271,"-24°41'30.000""","-48°07'30.000"""
272,"-20°07'21.800""","-44°18'44.400"""
273,"-12°57'35.100""","-60°17'15.500"""
274,"-19°57'29.710""","-43°38'05.312"""
275,"-09°52'41.556""","-39°52'12.241"""
276,"-22°44'52.600""","-46°52'18.000"""
277,"-20°06'57.900""","-44°22'16.500"""
278,"-06°27'17.700""","-50°13'43.500"""
279,"-06°25'16.985""","-50°02'09.927"""
280,"-23°21'21.800""","-46°16'28.900"""
281,"-18°22'47.300""","-46°55'58.200"""
282,"-20°18'06.730""","-43°55'22.890"""
283,"-06°33'42.700""","-51°10'16.100"""
284,"-09°37'10.790""","-63°03'58.220"""
285,"00°21'05.800""","-51°50'16.300"""
286,"-19°10'26.511""","-57°38'22.230"""
287,"-19°56'03.000""","-44°28'17.000"""
288,"02°17'09.000""","-51°38'00.000"""
289,"-20°05'30.600""","-44°05'60.000"""
290,"-20°10'09.300""","-44°27'03.170"""
291,"01°00'07.100""","-51°07'44.000"""
292,"-23°47'06.400""","-46°41'48.400"""
293,"-16°18'26.715""","-56°45'04.924"""
294,"-23°23'42.700""","-46°12'20.400"""
295,"-19°49'15.700""","-46°50'30.500"""
296,"-15°56'52.860""","-56°16'36.911"""
297,"-20°13'15.096""","-43°54'30.082"""
298,"-14°15'09.748""","-49°23'20.385"""
299,"-21°25'58.030""","-47°36'47.670"""
300,"-00°43'56.233""","-60°04'08.396"""
301,"-00°53'51.400""","-52°26'30.500"""
302,"-06°02'48.556""","-50°08'34.509"""
303,"-23°07'13.700""","-48°13'41.000"""
304,"-19°51'53.770""","-44°05'35.104"""
305,"-29°20'48.000""","-51°11'30.000"""
306,"-20°17'34.470""","-43°56'19.060"""
307,"-20°07'23.117""","-44°06'23.291"""
308,"-20°08'18.900""","-44°24'02.700"""
309,"-01°41'16.000""","-56°28'21.000"""
310,"-20°26'11.430""","-43°52'18.450"""
311,"-05°30'45.000""","-50°13'21.000"""
312,"-09°51'19.593""","-39°51'50.354"""
313,"-15°45'35.820""","-56°10'11.670"""
314,"-15°48'41.050""","-56°23'24.690"""
315,"-18°06'19.130""","-47°46'47.160"""
316,"-18°08'30.000""","-47°48'41.000"""
317,"-17°10'20.400""","-46°53'00.000"""
318,"-20°27'23.300""","-43°53'40.100"""
319,"-20°07'27.890""","-44°24'00.660"""
320,"-11°38'50.700""","-47°40'36.240"""
321,"-20°08'21.443""","-43°24'44.399"""
322,"-01°40'57.700""","-56°26'07.500"""
323,"-19°24'38.340""","-47°57'20.460"""
324,"-18°16'56.035""","-46°51'40.773"""
325,"-20°08'59.100""","-43°57'52.500"""
326,"-20°09'42.700""","-44°00'22.400"""
327,"-06°21'49.800""","-56°16'09.250"""
328,"-06°04'41.300""","-50°17'29.300"""
329,"-19°24'38.870""","-47°57'22.630"""
330,"-20°10'11.676""","-43°29'45.981"""
331,"-23°23'49.600""","-46°12'18.200"""
332,"-06°33'31.456""","-51°10'40.184"""
333,"-23°46'58.500""","-46°41'55.700"""
334,"-19°32'59.900""","-43°01'20.100"""
335,"-20°09'31.827""","-43°50'34.785"""
336,"-20°27'05.947""","-43°54'23.637"""
337,"-19°11'26.914""","-57°37'00.111"""
338,"-19°47'05.000""","-43°11'31.300"""
339,"-23°39'35.000""","-45°31'16.000"""
340,"-05°46'40.800""","-50°31'22.500"""
341,"-20°07'34.500""","-44°24'48.600"""
342,"-20°06'43.300""","-44°13'12.700"""
343,"-19°50'32.900""","-46°51'51.300"""
344,"-24°41'35.000""","-48°07'13.000"""
345,"-20°20'41.300""","-42°33'42.800"""
346,"-20°16'42.200""","-43°55'51.100"""
347,"-19°15'55.000""","-57°31'35.800"""
348,"-02°29'12.100""","-56°10'41.300"""
349,"-06°14'10.040""","-49°45'59.230"""
350,"-14°50'09.557""","-59°40'08.728"""
351,"-17°08'46.800""","-46°51'22.800"""
352,"-28°29'38.900""","-49°27'36.100"""
353,"-16°11'25.864""","-56°24'47.168"""
354,"-09°12'57.800""","-63°04'33.600"""
355,"-06°34'49.300""","-51°10'27.000"""
356,"-09°51'22.936""","-39°51'53.774"""
357,"-15°46'20.000""","-48°38'17.000"""
358,"-28°44'18.600""","-49°25'33.200"""
359,"-20°22'19.041""","-42°21'17.308"""
360,"-06°33'21.445""","-51°10'24.538"""
361,"-18°06'45.300""","-47°47'04.100"""
362,"-23°00'29.728""","-47°28'56.567"""
363,"-21°59'46.200""","-47°10'04.100"""
364,"-19°47'09.952""","-43°10'22.069"""
365,"-19°56'05.733""","-43°38'56.601"""
366,"-20°25'33.600""","-43°53'09.500"""
367,"-19°36'39.621""","-47°00'46.252"""
368,"-16°03'46.540""","-56°33'42.940"""
369,"-05°47'55.485""","-50°30'11.109"""
370,"-19°24'38.340""","-47°57'20.460"""
371,"-19°51'50.917""","-43°21'21.130"""
372,"-15°52'28.649""","-56°09'59.637"""
373,"-16°16'46.881""","-56°38'50.914"""
374,"-20°07'11.260""","-44°23'07.880"""
375,"-00°44'35.500""","-60°12'05.100"""
376,"-16°14'28.910""","-56°36'17.520"""
377,"-20°07'44.700""","-44°25'12.700"""
378,"-02°29'47.800""","-56°10'25.700"""
379,"-16°12'27.500""","-39°56'49.000"""
380,"-20°11'04.315""","-43°26'15.409"""
381,"-19°39'35.000""","-46°55'37.000"""
382,"-09°51'13.533""","-39°51'41.922"""
383,"-20°22'50.400""","-43°55'03.030"""
384,"-01°41'34.600""","-56°28'02.300"""
385,"-06°25'44.792""","-50°04'12.554"""
386,"-19°15'52.800""","-57°31'37.400"""
387,"-19°53'02.310""","-43°23'08.448"""
388,"-11°18'48.229""","-59°05'10.553"""
389,"-06°05'11.929""","-49°39'08.247"""
390,"-20°22'41.120""","-43°54'55.540"""
391,"-15°07'56.600""","-59°22'39.100"""
392,"-11°09'42.300""","-62°25'02.700"""
393,"-15°33'42.540""","-55°49'21.340"""
394,"-16°00'19.890""","-56°13'41.450"""
395,"-20°07'25.280""","-44°22'31.860"""
396,"-19°34'21.721""","-43°11'51.131"""
397,"-12°48'15.200""","-60°21'54.400"""
398,"-01°40'57.500""","-56°27'47.800"""
399,"-20°22'39.730""","-43°54'54.340"""
400,"-09°35'10.710""","-62°51'51.450"""
401,"-06°05'58.000""","-50°09'45.000"""
402,"-24°43'00.000""","-48°06'00.000"""
403,"-12°51'24.400""","-38°24'15.900"""
404,"-19°10'21.120""","-57°38'14.740"""
405,"-19°36'26.409""","-43°15'26.118"""
406,"02°16'43.000""","-51°39'02.380"""
407,"-09°51'43.578""","-39°52'49.792"""
408,"-20°09'20.500""","-43°53'13.600"""
409,"-16°08'21.600""","-56°23'45.600"""
410,"-20°09'21.200""","-44°26'49.500"""
411,"-23°21'17.300""","-47°43'48.900"""
412,"-20°13'52.750""","-43°26'30.540"""
413,"-23°30'32.300""","-47°23'27.200"""
414,"-02°29'02.500""","-56°12'06.600"""
415,"-09°47'34.047""","-63°33'34.869"""
416,"-14°48'40.373""","-41°00'17.917"""
417,"-28°27'23.190""","-49°22'13.980"""
418,"-20°33'45.400""","-43°57'03.100"""
419,"-28°35'12.667""","-49°26'35.575"""
420,"00°24'06.026""","-51°45'28.112"""
421,"-21°59'46.400""","-47°10'06.900"""
422,"-28°34'38.200""","-49°26'31.900"""
423,"-19°34'28.232""","-43°14'46.628"""
424,"-16°14'20.620""","-56°39'09.370"""
425,"-15°55'18.280""","-56°09'47.540"""
426,"-09°52'32.228""","-39°52'21.723"""
427,"-20°16'24.690""","-43°54'00.457"""
428,"-00°52'56.800""","-52°22'50.100"""
429,"-15°40'33.880""","-56°21'56.860"""
430,"-06°24'21.578""","-50°05'03.123"""
431,"-06°04'32.800""","-52°15'18.700"""
432,"-14°50'36.750""","-56°33'46.670"""
433,"-15°55'07.900""","-41°02'20.600"""
434,"-20°25'32.160""","-43°51'52.890"""
435,"-12°53'44.948""","-46°49'05.224"""
436,"-20°03'52.300""","-44°06'50.700"""
437,"-05°46'46.700""","-50°32'19.100"""
438,"-17°08'46.200""","-46°54'07.800"""
439,"-19°24'34.100""","-47°57'20.460"""
440,"-20°07'05.850""","-44°19'11.450"""
441,"-17°10'27.000""","-46°52'45.000"""
442,"-02°29'45.200""","-56°11'16.840"""
443,"-23°29'47.900""","-46°14'50.400"""
444,"-20°09'21.800""","-44°26'29.000"""
445,"-19°56'02.000""","-44°28'19.000"""
446,"-16°03'22.500""","-43°07'45.000"""
447,"-20°08'49.844""","-43°53'08.710"""
448,"-18°16'47.500""","-46°51'43.600"""
449,"-13°41'12.251""","-40°41'29.982"""
450,"-19°48'55.680""","-43°42'36.490"""
451,"-19°47'19.900""","-46°52'44.000"""
452,"-20°04'48.940""","-44°06'46.590"""
453,"-20°22'45.940""","-43°55'00.850"""
454,"-20°07'54.830""","-44°22'35.900"""
455,"-18°09'07.693""","-47°48'20.401"""
456,"-09°52'44.626""","-39°52'17.061"""
457,"-11°35'20.200""","-47°52'59.420"""
458,"-16°17'42.550""","-56°43'32.220"""
459,"-06°14'52.779""","-49°44'47.639"""
460,"-00°54'40.017""","-52°25'56.866"""
461,"-28°29'31.600""","-49°27'37.000"""
462,"-18°55'54.000""","-43°24'06.000"""
463,"-11°38'57.580""","-47°40'34.240"""
464,"-19°39'15.000""","-46°57'11.000"""
465,"-20°08'51.941""","-44°27'36.371"""
466,"-20°13'59.200""","-43°51'24.300"""
467,"-19°24'38.340""","-47°57'20.460"""
468,"-01°41'55.500""","-56°28'13.000"""
469,"-28°43'45.000""","-49°14'54.000"""
470,"-20°07'31.200""","-44°24'37.700"""
471,"-15°41'01.525""","-56°18'14.936"""
472,"-15°45'21.620""","-56°09'58.550"""
473,"-20°08'48.020""","-44°27'15.790"""
474,"-02°30'02.500""","-56°10'00.500"""
475,"-19°39'11.977""","-46°57'22.312"""
476,"-19°12'01.263""","-57°38'21.980"""
477,"-10°32'42.000""","-40°24'52.400"""
478,"-20°08'48.680""","-44°27'05.270"""
479,"-10°49'19.200""","-62°50'02.200"""
480,"-19°57'54.000""","-43°50'29.000"""
481,"-09°52'46.158""","-39°51'54.612"""
482,"-20°06'19.708""","-43°24'15.056"""
483,"-03°16'30.000""","-47°44'10.800"""
484,"-11°39'00.010""","-47°40'30.010"""
485,"-20°22'37.870""","-43°54'45.680"""
486,"-09°51'11.005""","-39°51'53.799"""
487,"-19°52'33.440""","-44°06'01.770"""
488,"-19°24'35.100""","-47°57'20.460"""
489,"-20°08'10.800""","-44°24'18.900"""
490,"-09°52'29.492""","-39°52'17.263"""
491,"-06°22'05.490""","-56°16'06.210"""
492,"-14°14'45.180""","-49°22'50.650"""
493,"-15°56'15.593""","-56°17'30.494"""
494,"-20°08'45.300""","-44°24'19.700"""
495,"-20°12'26.903""","-43°27'15.839"""
496,"-06°23'57.800""","-50°20'24.500"""
497,"-21°11'27.800""","-43°59'28.500"""
498,"-20°25'24.810""","-43°45'11.170"""
499,"-09°52'28.070""","-39°52'20.060"""
500,"-10°41'12.400""","-54°49'45.500"""
501,"-09°52'37.962""","-39°51'52.340"""
502,"-23°23'32.300""","-46°08'10.900"""
503,"-19°36'45.017""","-43°16'00.408"""
504,"-20°07'09.860""","-44°19'26.960"""
505,"-19°41'07.300""","-43°17'10.400"""
506,"-09°51'10.170""","-39°51'44.268"""
507,"-20°03'29.700""","-43°57'50.700"""
508,"-18°59'12.152""","-46°47'58.919"""
509,"-01°41'38.000""","-56°28'34.000"""
510,"-16°17'41.470""","-56°39'05.520"""
511,"-28°24'34.600""","-49°25'39.900"""
512,"-16°07'11.800""","-56°35'15.800"""
513,"-16°03'00.910""","-56°32'53.790"""
514,"00°24'28.480""","-51°43'48.020"""
515,"-15°39'33.400""","-56°17'06.300"""
516,"-06°06'36.700""","-52°16'31.000"""
517,"-01°41'14.300""","-56°28'05.700"""
518,"-17°30'38.400""","-46°49'42.000"""
519,"-19°32'51.300""","-43°01'17.500"""
520,"-20°08'13.740""","-44°23'01.130"""
521,"-20°08'25.400""","-44°25'20.900"""
522,"-01°27'56.900""","-56°23'26.400"""
523,"-15°54'19.508""","-56°12'11.095"""
524,"-14°15'22.900""","-49°25'28.280"""
525,"-20°06'39.300""","-44°13'26.700"""
526,"-20°22'46.200""","-43°55'00.900"""
527,"-09°51'05.515""","-39°51'50.083"""
528,"-00°44'18.326""","-60°04'33.114"""
529,"-06°33'37.400""","-51°10'00.200"""
530,"-06°24'20.600""","-50°03'25.600"""
531,"-19°36'39.006""","-47°01'45.717"""
532,"-15°57'16.750""","-56°16'21.730"""
533,"-14°14'39.159""","-49°22'03.151"""
534,"-15°52'21.100""","-56°10'19.900"""
535,"-09°51'19.270""","-39°51'54.399"""
536,"-14°38'26.700""","-52°29'49.000"""
537,"-15°45'45.420""","-56°15'53.860"""
538,"-23°10'39.400""","-48°20'35.900"""
539,"-11°15'38.500""","-39°21'27.250"""
540,"-16°16'55.770""","-56°37'02.010"""
541,"-20°22'43.870""","-43°55'00.130"""
542,"-20°07'15.440""","-44°19'22.200"""
543,"-19°46'34.733""","-43°11'27.772"""
544,"-11°15'36.450""","-39°21'27.250"""
545,"-15°57'35.500""","-56°28'46.600"""
546,"-28°28'23.000""","-49°27'29.000"""
547,"-22°56'18.300""","-47°14'24.900"""
548,"-19°33'48.506""","-43°12'22.618"""
549,"-23°39'44.784""","-48°00'05.036"""
550,"-19°47'01.777""","-43°09'54.766"""
551,"-20°26'24.500""","-43°54'18.500"""
552,"-14°51'02.100""","-56°34'25.400"""
553,"-06°47'20.006""","-56°36'29.199"""
554,"-19°15'45.000""","-57°31'39.400"""
555,"-19°38'28.870""","-46°58'25.859"""
556,"-00°53'51.673""","-52°22'44.295"""
557,"-16°15'10.270""","-56°36'21.640"""
558,"-20°10'40.642""","-43°29'51.299"""
559,"-20°27'17.200""","-43°46'37.000"""
560,"-20°10'15.500""","-44°27'16.500"""
561,"-22°51'40.100""","-47°14'19.000"""
562,"-09°49'01.200""","-63°33'11.500"""
563,"-06°23'39.900""","-50°19'11.300"""
564,"-09°52'42.222""","-39°51'47.635"""
565,"-11°14'06.400""","-40°31'44.700"""
566,"-23°10'41.300""","-48°20'47.500"""
567,"-00°45'23.673""","-60°05'16.904"""
568,"-20°11'47.700""","-43°52'01.500"""
569,"-20°06'57.240""","-44°17'53.170"""
570,"-19°32'43.650""","-43°01'51.370"""
571,"-20°22'50.560""","-43°55'09.330"""
572,"00°24'43.711""","-51°43'44.100"""
573,"-20°09'01.300""","-44°26'09.000"""
574,"-17°30'48.000""","-46°49'42.000"""
575,"-16°16'23.070""","-56°41'46.380"""
576,"00°24'35.510""","-51°43'45.270"""
577,"00°22'46.200""","-51°43'22.000"""
578,"-23°21'27.900""","-46°17'09.200"""
579,"-20°09'10.400""","-43°53'18.300"""
580,"-15°20'50.445""","-59°15'24.414"""
581,"-09°51'11.988""","-39°51'41.684"""
582,"-09°25'25.900""","-63°02'52.400"""
583,"-01°41'00.600""","-56°27'09.600"""
584,"-06°06'29.300""","-50°10'08.600"""
585,"-19°55'47.792""","-43°11'46.298"""
586,"-15°39'22.881""","-56°20'16.227"""
587,"-01°40'51.144""","-56°28'08.144"""
588,"00°50'71.400""","-51°53'17.500"""
589,"-20°06'36.810""","-43°54'31.680"""
590,"-18°53'57.000""","-43°24'30.000"""
591,"-10°39'26.400""","-37°01'52.800"""
592,"-09°52'47.508""","-39°51'58.329"""
593,"-19°39'25.200""","-46°56'24.650"""
594,"-19°02'52.200""","-46°43'26.400"""
595,"-09°27'29.000""","-63°03'07.000"""
596,"-06°21'58.030""","-56°16'04.000"""
597,"-20°11'35.310""","-43°30'30.600"""
598,"-23°52'55.700""","-46°18'51.600"""
599,"-17°58'05.930""","-43°10'08.450"""
600,"-21°27'18.809""","-42°52'17.972"""
601,"-23°33'56.300""","-46°16'24.100"""
602,"-20°04'07.200""","-43°55'50.100"""
603,"-23°24'03.560""","-46°55'05.690"""
604,"-09°51'26.408""","-39°51'48.095"""
605,"-19°49'17.090""","-43°43'01.480"""
606,"-15°39'01.002""","-56°23'13.280"""
607,"-20°08'54.160""","-44°27'35.942"""
608,"-01°41'59.600""","-56°28'31.500"""
609,"-20°07'36.100""","-44°18'58.100"""
610,"-19°38'26.316""","-43°14'29.320"""
611,"-20°15'04.290""","-43°56'14.040"""
612,"-30°08'44.381""","-52°00'13.591"""
613,"-15°59'15.130""","-56°18'49.880"""
614,"-02°29'10.500""","-56°11'45.600"""
615,"-09°51'04.554""","-39°51'53.992"""
616,"-16°16'27.700""","-56°38'14.100"""
617,"-09°51'20.905""","-39°51'45.971"""
618,"-09°31'23.270""","-56°29'11.955"""
619,"-16°10'33.100""","-56°35'40.100"""
620,"-20°16'22.353""","-43°53'42.615"""
621,"-23°24'04.600""","-46°12'19.500"""
622,"-19°37'01.000""","-47°01'16.000"""
623,"-16°14'55.560""","-56°36'19.500"""
624,"-10°39'12.400""","-37°01'50.100"""
625,"-23°25'50.600""","-46°12'39.200"""
626,"-19°34'32.225""","-43°12'17.125"""
627,"-15°10'53.160""","-59°20'42.550"""
628,"-20°01'09.000""","-43°29'34.200"""
629,"-16°02'04.210""","-56°32'00.710"""
630,"-20°06'58.000""","-43°52'25.400"""
631,"-09°52'33.556""","-39°52'17.827"""
632,"-19°53'29.500""","-43°17'07.900"""
633,"-09°49'53.300""","-39°49'29.700"""
634,"-16°23'38.000""","-50°23'01.200"""
635,"-01°40'10.900""","-56°26'41.600"""
636,"-17°10'31.800""","-46°53'16.200"""
637,"-09°45'55.465""","-63°31'12.111"""
638,"-23°33'46.100""","-46°16'04.500"""
